{
	"credit": "Made with Blockbench",
	"parent": "block/block",
	"textures": {
		"all": "block/lantern",
		"particle": "block/lantern"
	},
	"elements": [
		{
			"from": [5, 0, 5],
			"to": [11, 8.05, 11],
			"shade": false,
			"faces": {
				"north": {"uv": [0, 0, 6, 8], "texture": "#all"},
				"east": {"uv": [0, 0, 6, 8], "texture": "#all"},
				"south": {"uv": [0, 0, 6, 8], "texture": "#all"},
				"west": {"uv": [0, 0, 6, 8], "texture": "#all"},
				"up": {"uv": [7, 10, 13, 16], "texture": "#all"},
				"down": {"uv": [7, 10, 13, 16], "texture": "#all", "cullface": "down"}
			}
		},
		{
			"from": [4.5, 7, 4.5],
			"to": [11.5, 8, 11.5],
			"shade": false,
			"faces": {
				"north": {"uv": [0, 15, 7, 16], "texture": "#all"},
				"east": {"uv": [0, 15, 7, 16], "texture": "#all"},
				"south": {"uv": [0, 15, 7, 16], "texture": "#all"},
				"west": {"uv": [0, 15, 7, 16], "texture": "#all"},
				"up": {"uv": [0, 9, 7, 16], "texture": "#all"},
				"down": {"uv": [0, 9, 7, 16], "texture": "#all"}
			}
		},
		{
			"from": [6, 8, 6],
			"to": [10, 10, 10],
			"shade": false,
			"faces": {
				"north": {"uv": [7, 4, 11, 6], "texture": "#all"},
				"east": {"uv": [7, 4, 11, 6], "texture": "#all"},
				"south": {"uv": [7, 4, 11, 6], "texture": "#all"},
				"west": {"uv": [7, 4, 11, 6], "texture": "#all"},
				"up": {"uv": [7, 6, 11, 10], "texture": "#all"}
			}
		},
		{
			"from": [6.5, 10, 8],
			"to": [9.5, 12, 8],
			"shade": false,
			"rotation": {"angle": 45, "axis": "y", "origin": [8, 10, 8]},
			"faces": {
				"north": {"uv": [12, 1, 15, 3], "texture": "#all"},
				"south": {"uv": [12, 1, 15, 3], "texture": "#all"}
			}
		},
		{
			"from": [8, 10, 6.5],
			"to": [8, 12, 9.5],
			"shade": false,
			"rotation": {"angle": 45, "axis": "y", "origin": [8, 10, 8]},
			"faces": {
				"east": {"uv": [12, 1, 15, 3], "texture": "#all"},
				"west": {"uv": [12, 1, 15, 3], "texture": "#all"}
			}
		}
	]
}